{
  "mat": [
    [538.569242033248,0,309.1560390435077],
    [0,540.075401856426,229.5880968409263],
    [0,0,1]
  ],
  "dist": [
    -0.1256579235097666,
    0.2730496290728478,
    0.0004105283618211556,
    0.001335812463399073,
    -0.239344626326768
  ],
  "rms": 0.1133479870572238
}