{
  "mat": [
    [526.4039916992188,0,309.2971600692981],
    [0,530.2021484375,229.0547922588012],
    [0,0,1]
  ],
  "dist": [],
  "rms": 0
}